Funding time,Rate calculated time,Market,Funding rate,Settlement price,Funding Date/Time,WBT price,BTC price,BTC price
Fri Feb 13 2026 17:00:00 GMT+0100 (Central European Standard Time),Fri Feb 13 2026 09:00:00 GMT+0100 (Central European Standard Time),WBT_PERP,0.0001,51.374,Thu Jan 01 1970 01:00:00 GMT+0100 (Central European Standard Time),,,
Fri Feb 13 2026 09:00:00 GMT+0100 (Central European Standard Time),Fri Feb 13 2026 01:00:00 GMT+0100 (Central European Standard Time),WBT_PERP,0.0001,49.661,Thu Jan 01 1970 01:00:00 GMT+0100 (Central European Standard Time),,,
Fri Feb 13 2026 01:00:00 GMT+0100 (Central European Standard Time),Thu Feb 12 2026 17:00:00 GMT+0100 (Central European Standard Time),WBT_PERP,0.0001,49.79,Thu Jan 01 1970 01:00:00 GMT+0100 (Central European Standard Time),,,
Thu Feb 12 2026 17:00:00 GMT+0100 (Central European Standard Time),Thu Feb 12 2026 09:00:00 GMT+0100 (Central European Standard Time),WBT_PERP,0.000293,50.396,Thu Jan 01 1970 01:00:00 GMT+0100 (Central European Standard Time),,,
Thu Feb 12 2026 09:00:00 GMT+0100 (Central European Standard Time),Thu Feb 12 2026 01:00:00 GMT+0100 (Central European Standard Time),WBT_PERP,0.000354,50.356,Thu Jan 01 1970 01:00:00 GMT+0100 (Central European Standard Time),,,
Thu Feb 12 2026 01:00:00 GMT+0100 (Central European Standard Time),Wed Feb 11 2026 17:00:00 GMT+0100 (Central European Standard Time),WBT_PERP,0.000202,50.113,Thu Jan 01 1970 01:00:00 GMT+0100 (Central European Standard Time),,,
Wed Feb 11 2026 17:00:00 GMT+0100 (Central European Standard Time),Wed Feb 11 2026 09:00:00 GMT+0100 (Central European Standard Time),WBT_PERP,0.000747,50.033,Thu Jan 01 1970 01:00:00 GMT+0100 (Central European Standard Time),,,
Wed Feb 11 2026 09:00:00 GMT+0100 (Central European Standard Time),Wed Feb 11 2026 01:00:00 GMT+0100 (Central European Standard Time),WBT_PERP,0.000185,50.295,Thu Jan 01 1970 01:00:00 GMT+0100 (Central European Standard Time),,,
Wed Feb 11 2026 01:00:00 GMT+0100 (Central European Standard Time),Tue Feb 10 2026 17:00:00 GMT+0100 (Central European Standard Time),WBT_PERP,0.000216,51.582,Thu Jan 01 1970 01:00:00 GMT+0100 (Central European Standard Time),,,
Tue Feb 10 2026 17:00:00 GMT+0100 (Central European Standard Time),Tue Feb 10 2026 09:00:00 GMT+0100 (Central European Standard Time),WBT_PERP,0.000122,51.901,Thu Jan 01 1970 01:00:00 GMT+0100 (Central European Standard Time),,,
Tue Feb 10 2026 09:00:00 GMT+0100 (Central European Standard Time),Tue Feb 10 2026 01:00:00 GMT+0100 (Central European Standard Time),WBT_PERP,0.0001,51.53,Thu Jan 01 1970 01:00:00 GMT+0100 (Central European Standard Time),,,
Tue Feb 10 2026 01:00:00 GMT+0100 (Central European Standard Time),Mon Feb 09 2026 17:00:00 GMT+0100 (Central European Standard Time),WBT_PERP,0.0001,52.772,Thu Jan 01 1970 01:00:00 GMT+0100 (Central European Standard Time),,,
Mon Feb 09 2026 17:00:00 GMT+0100 (Central European Standard Time),Mon Feb 09 2026 09:00:00 GMT+0100 (Central European Standard Time),WBT_PERP,0.0001,52.424,Thu Jan 01 1970 01:00:00 GMT+0100 (Central European Standard Time),,,
Mon Feb 09 2026 09:00:00 GMT+0100 (Central European Standard Time),Mon Feb 09 2026 01:00:00 GMT+0100 (Central European Standard Time),WBT_PERP,0.00002,53.139,Thu Jan 01 1970 01:00:00 GMT+0100 (Central European Standard Time),,,
Mon Feb 09 2026 01:00:00 GMT+0100 (Central European Standard Time),Sun Feb 08 2026 17:00:00 GMT+0100 (Central European Standard Time),WBT_PERP,0.0001,53.253,Thu Jan 01 1970 01:00:00 GMT+0100 (Central European Standard Time),,,
Sun Feb 08 2026 17:00:00 GMT+0100 (Central European Standard Time),Sun Feb 08 2026 09:00:00 GMT+0100 (Central European Standard Time),WBT_PERP,0.00029,53.776,Thu Jan 01 1970 01:00:00 GMT+0100 (Central European Standard Time),,,
Sun Feb 08 2026 09:00:00 GMT+0100 (Central European Standard Time),Sun Feb 08 2026 01:00:00 GMT+0100 (Central European Standard Time),WBT_PERP,0.001359,52.948,Thu Jan 01 1970 01:00:00 GMT+0100 (Central European Standard Time),,,
Sun Feb 08 2026 01:00:00 GMT+0100 (Central European Standard Time),Sat Feb 07 2026 17:00:00 GMT+0100 (Central European Standard Time),WBT_PERP,0.001608,52.771,Thu Jan 01 1970 01:00:00 GMT+0100 (Central European Standard Time),,,
Sat Feb 07 2026 17:00:00 GMT+0100 (Central European Standard Time),Sat Feb 07 2026 09:00:00 GMT+0100 (Central European Standard Time),WBT_PERP,0.001543,52.48,Thu Jan 01 1970 01:00:00 GMT+0100 (Central European Standard Time),,,
Sat Feb 07 2026 09:00:00 GMT+0100 (Central European Standard Time),Sat Feb 07 2026 01:00:00 GMT+0100 (Central European Standard Time),WBT_PERP,0.001467,51.982,Thu Jan 01 1970 01:00:00 GMT+0100 (Central European Standard Time),,,
Sat Feb 07 2026 01:00:00 GMT+0100 (Central European Standard Time),Fri Feb 06 2026 17:00:00 GMT+0100 (Central European Standard Time),WBT_PERP,0.002415,53.28,Thu Jan 01 1970 01:00:00 GMT+0100 (Central European Standard Time),,,
Fri Feb 06 2026 17:00:00 GMT+0100 (Central European Standard Time),Fri Feb 06 2026 09:00:00 GMT+0100 (Central European Standard Time),WBT_PERP,0.002344,51.809,Thu Jan 01 1970 01:00:00 GMT+0100 (Central European Standard Time),,,
Fri Feb 06 2026 09:00:00 GMT+0100 (Central European Standard Time),Fri Feb 06 2026 01:00:00 GMT+0100 (Central European Standard Time),WBT_PERP,0.001644,49.198,Thu Jan 01 1970 01:00:00 GMT+0100 (Central European Standard Time),,,
Fri Feb 06 2026 01:00:00 GMT+0100 (Central European Standard Time),Thu Feb 05 2026 17:00:00 GMT+0100 (Central European Standard Time),WBT_PERP,0.001091,47.78,Thu Jan 01 1970 01:00:00 GMT+0100 (Central European Standard Time),,,
Thu Feb 05 2026 17:00:00 GMT+0100 (Central European Standard Time),Thu Feb 05 2026 09:00:00 GMT+0100 (Central European Standard Time),WBT_PERP,0.000966,50.153,Thu Jan 01 1970 01:00:00 GMT+0100 (Central European Standard Time),,,
Thu Feb 05 2026 09:00:00 GMT+0100 (Central European Standard Time),Thu Feb 05 2026 01:00:00 GMT+0100 (Central European Standard Time),WBT_PERP,0.001115,50.907,Thu Jan 01 1970 01:00:00 GMT+0100 (Central European Standard Time),,,
Thu Feb 05 2026 01:00:00 GMT+0100 (Central European Standard Time),Wed Feb 04 2026 17:00:00 GMT+0100 (Central European Standard Time),WBT_PERP,0.001459,52.339,Thu Jan 01 1970 01:00:00 GMT+0100 (Central European Standard Time),,,
Wed Feb 04 2026 17:00:00 GMT+0100 (Central European Standard Time),Wed Feb 04 2026 09:00:00 GMT+0100 (Central European Standard Time),WBT_PERP,0.00094,53.072,Thu Jan 01 1970 01:00:00 GMT+0100 (Central European Standard Time),,,
Wed Feb 04 2026 09:00:00 GMT+0100 (Central European Standard Time),Wed Feb 04 2026 01:00:00 GMT+0100 (Central European Standard Time),WBT_PERP,0.000893,53.008,Thu Jan 01 1970 01:00:00 GMT+0100 (Central European Standard Time),,,
Wed Feb 04 2026 01:00:00 GMT+0100 (Central European Standard Time),Tue Feb 03 2026 17:00:00 GMT+0100 (Central European Standard Time),WBT_PERP,0.001098,49.019,Thu Jan 01 1970 01:00:00 GMT+0100 (Central European Standard Time),,,
Tue Feb 03 2026 17:00:00 GMT+0100 (Central European Standard Time),Tue Feb 03 2026 09:00:00 GMT+0100 (Central European Standard Time),WBT_PERP,0.001522,50.946,Thu Jan 01 1970 01:00:00 GMT+0100 (Central European Standard Time),,,
Tue Feb 03 2026 09:00:00 GMT+0100 (Central European Standard Time),Tue Feb 03 2026 01:00:00 GMT+0100 (Central European Standard Time),WBT_PERP,0.0013,51.431,Thu Jan 01 1970 01:00:00 GMT+0100 (Central European Standard Time),,,
Tue Feb 03 2026 01:00:00 GMT+0100 (Central European Standard Time),Mon Feb 02 2026 17:00:00 GMT+0100 (Central European Standard Time),WBT_PERP,0.001056,51.568,Thu Jan 01 1970 01:00:00 GMT+0100 (Central European Standard Time),,,
Mon Feb 02 2026 17:00:00 GMT+0100 (Central European Standard Time),Mon Feb 02 2026 09:00:00 GMT+0100 (Central European Standard Time),WBT_PERP,0.001113,51.788,Thu Jan 01 1970 01:00:00 GMT+0100 (Central European Standard Time),,,
Mon Feb 02 2026 09:00:00 GMT+0100 (Central European Standard Time),Mon Feb 02 2026 01:00:00 GMT+0100 (Central European Standard Time),WBT_PERP,0.001157,49.693,Thu Jan 01 1970 01:00:00 GMT+0100 (Central European Standard Time),,,
Mon Feb 02 2026 01:00:00 GMT+0100 (Central European Standard Time),Sun Feb 01 2026 17:00:00 GMT+0100 (Central European Standard Time),WBT_PERP,0.001167,49.073,Thu Jan 01 1970 01:00:00 GMT+0100 (Central European Standard Time),,,
Sun Feb 01 2026 17:00:00 GMT+0100 (Central European Standard Time),Sun Feb 01 2026 09:00:00 GMT+0100 (Central European Standard Time),WBT_PERP,0.001276,48.103,Thu Jan 01 1970 01:00:00 GMT+0100 (Central European Standard Time),,,
Sun Feb 01 2026 09:00:00 GMT+0100 (Central European Standard Time),Sun Feb 01 2026 01:00:00 GMT+0100 (Central European Standard Time),WBT_PERP,0.001003,48.924,Thu Jan 01 1970 01:00:00 GMT+0100 (Central European Standard Time),,,
Sun Feb 01 2026 01:00:00 GMT+0100 (Central European Standard Time),Sat Jan 31 2026 17:00:00 GMT+0100 (Central European Standard Time),WBT_PERP,0.001083,49.271,Thu Jan 01 1970 01:00:00 GMT+0100 (Central European Standard Time),,,
Sat Jan 31 2026 17:00:00 GMT+0100 (Central European Standard Time),Sat Jan 31 2026 09:00:00 GMT+0100 (Central European Standard Time),WBT_PERP,0.000921,50.443,Thu Jan 01 1970 01:00:00 GMT+0100 (Central European Standard Time),,,
Sat Jan 31 2026 09:00:00 GMT+0100 (Central European Standard Time),Sat Jan 31 2026 01:00:00 GMT+0100 (Central European Standard Time),WBT_PERP,0.001016,50.802,Thu Jan 01 1970 01:00:00 GMT+0100 (Central European Standard Time),,,
Sat Jan 31 2026 01:00:00 GMT+0100 (Central European Standard Time),Fri Jan 30 2026 17:00:00 GMT+0100 (Central European Standard Time),WBT_PERP,0.000974,51.252,Thu Jan 01 1970 01:00:00 GMT+0100 (Central European Standard Time),,,
Fri Jan 30 2026 17:00:00 GMT+0100 (Central European Standard Time),Fri Jan 30 2026 09:00:00 GMT+0100 (Central European Standard Time),WBT_PERP,0.000955,50.905,Thu Jan 01 1970 01:00:00 GMT+0100 (Central European Standard Time),,,
Fri Jan 30 2026 09:00:00 GMT+0100 (Central European Standard Time),Fri Jan 30 2026 01:00:00 GMT+0100 (Central European Standard Time),WBT_PERP,0.000925,50.956,Thu Jan 01 1970 01:00:00 GMT+0100 (Central European Standard Time),,,
Fri Jan 30 2026 01:00:00 GMT+0100 (Central European Standard Time),Thu Jan 29 2026 17:00:00 GMT+0100 (Central European Standard Time),WBT_PERP,0.001771,51.592,Thu Jan 01 1970 01:00:00 GMT+0100 (Central European Standard Time),,,
Thu Jan 29 2026 17:00:00 GMT+0100 (Central European Standard Time),Thu Jan 29 2026 09:00:00 GMT+0100 (Central European Standard Time),WBT_PERP,0.001434,51.8,Thu Jan 01 1970 01:00:00 GMT+0100 (Central European Standard Time),,,
Thu Jan 29 2026 09:00:00 GMT+0100 (Central European Standard Time),Thu Jan 29 2026 01:00:00 GMT+0100 (Central European Standard Time),WBT_PERP,0.001474,53.766,Thu Jan 01 1970 01:00:00 GMT+0100 (Central European Standard Time),,,
Thu Jan 29 2026 01:00:00 GMT+0100 (Central European Standard Time),Wed Jan 28 2026 17:00:00 GMT+0100 (Central European Standard Time),WBT_PERP,0.001744,54.33,Thu Jan 01 1970 01:00:00 GMT+0100 (Central European Standard Time),,,
Wed Jan 28 2026 17:00:00 GMT+0100 (Central European Standard Time),Wed Jan 28 2026 09:00:00 GMT+0100 (Central European Standard Time),WBT_PERP,0.001729,54.403,Thu Jan 01 1970 01:00:00 GMT+0100 (Central European Standard Time),,,
Wed Jan 28 2026 09:00:00 GMT+0100 (Central European Standard Time),Wed Jan 28 2026 01:00:00 GMT+0100 (Central European Standard Time),WBT_PERP,0.00173,54.265,Thu Jan 01 1970 01:00:00 GMT+0100 (Central European Standard Time),,,
Wed Jan 28 2026 01:00:00 GMT+0100 (Central European Standard Time),Tue Jan 27 2026 17:00:00 GMT+0100 (Central European Standard Time),WBT_PERP,0.001809,54.414,Thu Jan 01 1970 01:00:00 GMT+0100 (Central European Standard Time),,,
Tue Jan 27 2026 17:00:00 GMT+0100 (Central European Standard Time),Tue Jan 27 2026 09:00:00 GMT+0100 (Central European Standard Time),WBT_PERP,0.002088,53.601,Thu Jan 01 1970 01:00:00 GMT+0100 (Central European Standard Time),,,
Tue Jan 27 2026 09:00:00 GMT+0100 (Central European Standard Time),Tue Jan 27 2026 01:00:00 GMT+0100 (Central European Standard Time),WBT_PERP,0.001971,53.703,Thu Jan 01 1970 01:00:00 GMT+0100 (Central European Standard Time),,,
Tue Jan 27 2026 01:00:00 GMT+0100 (Central European Standard Time),Mon Jan 26 2026 17:00:00 GMT+0100 (Central European Standard Time),WBT_PERP,0.001869,53.735,Thu Jan 01 1970 01:00:00 GMT+0100 (Central European Standard Time),,,
Mon Jan 26 2026 17:00:00 GMT+0100 (Central European Standard Time),Mon Jan 26 2026 09:00:00 GMT+0100 (Central European Standard Time),WBT_PERP,0.001631,53.386,Thu Jan 01 1970 01:00:00 GMT+0100 (Central European Standard Time),,,
Mon Jan 26 2026 09:00:00 GMT+0100 (Central European Standard Time),Mon Jan 26 2026 01:00:00 GMT+0100 (Central European Standard Time),WBT_PERP,0.001588,53.618,Thu Jan 01 1970 01:00:00 GMT+0100 (Central European Standard Time),,,
Mon Jan 26 2026 01:00:00 GMT+0100 (Central European Standard Time),Sun Jan 25 2026 17:00:00 GMT+0100 (Central European Standard Time),WBT_PERP,0.001656,52.707,Thu Jan 01 1970 01:00:00 GMT+0100 (Central European Standard Time),,,
Sun Jan 25 2026 17:00:00 GMT+0100 (Central European Standard Time),Sun Jan 25 2026 09:00:00 GMT+0100 (Central European Standard Time),WBT_PERP,0.001386,53.797,Thu Jan 01 1970 01:00:00 GMT+0100 (Central European Standard Time),,,
Sun Jan 25 2026 09:00:00 GMT+0100 (Central European Standard Time),Sun Jan 25 2026 01:00:00 GMT+0100 (Central European Standard Time),WBT_PERP,0.001536,53.965,Thu Jan 01 1970 01:00:00 GMT+0100 (Central European Standard Time),,,
Sun Jan 25 2026 01:00:00 GMT+0100 (Central European Standard Time),Sat Jan 24 2026 17:00:00 GMT+0100 (Central European Standard Time),WBT_PERP,0.001541,54.286,Thu Jan 01 1970 01:00:00 GMT+0100 (Central European Standard Time),,,
Sat Jan 24 2026 17:00:00 GMT+0100 (Central European Standard Time),Sat Jan 24 2026 09:00:00 GMT+0100 (Central European Standard Time),WBT_PERP,0.001631,54.331,Thu Jan 01 1970 01:00:00 GMT+0100 (Central European Standard Time),,,
Sat Jan 24 2026 09:00:00 GMT+0100 (Central European Standard Time),Sat Jan 24 2026 01:00:00 GMT+0100 (Central European Standard Time),WBT_PERP,0.001624,54.49,Thu Jan 01 1970 01:00:00 GMT+0100 (Central European Standard Time),,,
Sat Jan 24 2026 01:00:00 GMT+0100 (Central European Standard Time),Fri Jan 23 2026 17:00:00 GMT+0100 (Central European Standard Time),WBT_PERP,0.001631,54.478,Thu Jan 01 1970 01:00:00 GMT+0100 (Central European Standard Time),,,
Fri Jan 23 2026 17:00:00 GMT+0100 (Central European Standard Time),Fri Jan 23 2026 09:00:00 GMT+0100 (Central European Standard Time),WBT_PERP,0.001119,54.56,Thu Jan 01 1970 01:00:00 GMT+0100 (Central European Standard Time),,,
Fri Jan 23 2026 09:00:00 GMT+0100 (Central European Standard Time),Fri Jan 23 2026 01:00:00 GMT+0100 (Central European Standard Time),WBT_PERP,0.001095,54.484,Thu Jan 01 1970 01:00:00 GMT+0100 (Central European Standard Time),,,
Fri Jan 23 2026 01:00:00 GMT+0100 (Central European Standard Time),Thu Jan 22 2026 17:00:00 GMT+0100 (Central European Standard Time),WBT_PERP,0.001028,54.509,Thu Jan 01 1970 01:00:00 GMT+0100 (Central European Standard Time),,,
Thu Jan 22 2026 17:00:00 GMT+0100 (Central European Standard Time),Thu Jan 22 2026 09:00:00 GMT+0100 (Central European Standard Time),WBT_PERP,0.001185,54.224,Thu Jan 01 1970 01:00:00 GMT+0100 (Central European Standard Time),,,
Thu Jan 22 2026 09:00:00 GMT+0100 (Central European Standard Time),Thu Jan 22 2026 01:00:00 GMT+0100 (Central European Standard Time),WBT_PERP,0.0013,54.027,Thu Jan 01 1970 01:00:00 GMT+0100 (Central European Standard Time),,,
Thu Jan 22 2026 01:00:00 GMT+0100 (Central European Standard Time),Wed Jan 21 2026 17:00:00 GMT+0100 (Central European Standard Time),WBT_PERP,0.001292,53.794,Thu Jan 01 1970 01:00:00 GMT+0100 (Central European Standard Time),,,
Wed Jan 21 2026 17:00:00 GMT+0100 (Central European Standard Time),Wed Jan 21 2026 09:00:00 GMT+0100 (Central European Standard Time),WBT_PERP,0.000741,54.273,Thu Jan 01 1970 01:00:00 GMT+0100 (Central European Standard Time),,,
Wed Jan 21 2026 09:00:00 GMT+0100 (Central European Standard Time),Wed Jan 21 2026 01:00:00 GMT+0100 (Central European Standard Time),WBT_PERP,0.000651,53.727,Thu Jan 01 1970 01:00:00 GMT+0100 (Central European Standard Time),,,
Wed Jan 21 2026 01:00:00 GMT+0100 (Central European Standard Time),Tue Jan 20 2026 17:00:00 GMT+0100 (Central European Standard Time),WBT_PERP,0.00085,53.355,Thu Jan 01 1970 01:00:00 GMT+0100 (Central European Standard Time),,,
Tue Jan 20 2026 17:00:00 GMT+0100 (Central European Standard Time),Tue Jan 20 2026 09:00:00 GMT+0100 (Central European Standard Time),WBT_PERP,0.000711,54.427,Thu Jan 01 1970 01:00:00 GMT+0100 (Central European Standard Time),,,
Tue Jan 20 2026 09:00:00 GMT+0100 (Central European Standard Time),Tue Jan 20 2026 01:00:00 GMT+0100 (Central European Standard Time),WBT_PERP,0.000546,54.98,Thu Jan 01 1970 01:00:00 GMT+0100 (Central European Standard Time),,,
Tue Jan 20 2026 01:00:00 GMT+0100 (Central European Standard Time),Mon Jan 19 2026 17:00:00 GMT+0100 (Central European Standard Time),WBT_PERP,0.000455,55.866,Thu Jan 01 1970 01:00:00 GMT+0100 (Central European Standard Time),,,
Mon Jan 19 2026 17:00:00 GMT+0100 (Central European Standard Time),Mon Jan 19 2026 09:00:00 GMT+0100 (Central European Standard Time),WBT_PERP,0.000271,56.175,Thu Jan 01 1970 01:00:00 GMT+0100 (Central European Standard Time),,,
Mon Jan 19 2026 09:00:00 GMT+0100 (Central European Standard Time),Mon Jan 19 2026 01:00:00 GMT+0100 (Central European Standard Time),WBT_PERP,0.000286,56.039,Thu Jan 01 1970 01:00:00 GMT+0100 (Central European Standard Time),,,
Mon Jan 19 2026 01:00:00 GMT+0100 (Central European Standard Time),Sun Jan 18 2026 17:00:00 GMT+0100 (Central European Standard Time),WBT_PERP,0.000311,56.523,Thu Jan 01 1970 01:00:00 GMT+0100 (Central European Standard Time),,,
Sun Jan 18 2026 17:00:00 GMT+0100 (Central European Standard Time),Sun Jan 18 2026 09:00:00 GMT+0100 (Central European Standard Time),WBT_PERP,0.000224,57.285,Thu Jan 01 1970 01:00:00 GMT+0100 (Central European Standard Time),,,
Sun Jan 18 2026 09:00:00 GMT+0100 (Central European Standard Time),Sun Jan 18 2026 01:00:00 GMT+0100 (Central European Standard Time),WBT_PERP,0.000211,57.131,Thu Jan 01 1970 01:00:00 GMT+0100 (Central European Standard Time),,,
Sun Jan 18 2026 01:00:00 GMT+0100 (Central European Standard Time),Sat Jan 17 2026 17:00:00 GMT+0100 (Central European Standard Time),WBT_PERP,0.000223,57.192,Thu Jan 01 1970 01:00:00 GMT+0100 (Central European Standard Time),,,
Sat Jan 17 2026 17:00:00 GMT+0100 (Central European Standard Time),Sat Jan 17 2026 09:00:00 GMT+0100 (Central European Standard Time),WBT_PERP,0.000158,57.478,Thu Jan 01 1970 01:00:00 GMT+0100 (Central European Standard Time),,,
Sat Jan 17 2026 09:00:00 GMT+0100 (Central European Standard Time),Sat Jan 17 2026 01:00:00 GMT+0100 (Central European Standard Time),WBT_PERP,0.000281,57.101,Thu Jan 01 1970 01:00:00 GMT+0100 (Central European Standard Time),,,
Sat Jan 17 2026 01:00:00 GMT+0100 (Central European Standard Time),Fri Jan 16 2026 17:00:00 GMT+0100 (Central European Standard Time),WBT_PERP,0.00028,57.346,Thu Jan 01 1970 01:00:00 GMT+0100 (Central European Standard Time),,,
Fri Jan 16 2026 17:00:00 GMT+0100 (Central European Standard Time),Fri Jan 16 2026 09:00:00 GMT+0100 (Central European Standard Time),WBT_PERP,0.000307,56.735,Thu Jan 01 1970 01:00:00 GMT+0100 (Central European Standard Time),,,
Fri Jan 16 2026 09:00:00 GMT+0100 (Central European Standard Time),Fri Jan 16 2026 01:00:00 GMT+0100 (Central European Standard Time),WBT_PERP,0.000309,57.376,Thu Jan 01 1970 01:00:00 GMT+0100 (Central European Standard Time),,,
Fri Jan 16 2026 01:00:00 GMT+0100 (Central European Standard Time),Thu Jan 15 2026 17:00:00 GMT+0100 (Central European Standard Time),WBT_PERP,0.000382,57.383,Thu Jan 01 1970 01:00:00 GMT+0100 (Central European Standard Time),,,
Thu Jan 15 2026 17:00:00 GMT+0100 (Central European Standard Time),Thu Jan 15 2026 09:00:00 GMT+0100 (Central European Standard Time),WBT_PERP,0.000433,58.008,Thu Jan 01 1970 01:00:00 GMT+0100 (Central European Standard Time),,,
Thu Jan 15 2026 09:00:00 GMT+0100 (Central European Standard Time),Thu Jan 15 2026 01:00:00 GMT+0100 (Central European Standard Time),WBT_PERP,0.000373,57.604,Thu Jan 01 1970 01:00:00 GMT+0100 (Central European Standard Time),,,
Thu Jan 15 2026 01:00:00 GMT+0100 (Central European Standard Time),Wed Jan 14 2026 17:00:00 GMT+0100 (Central European Standard Time),WBT_PERP,0.000337,57.886,Thu Jan 01 1970 01:00:00 GMT+0100 (Central European Standard Time),,,
Wed Jan 14 2026 17:00:00 GMT+0100 (Central European Standard Time),Wed Jan 14 2026 09:00:00 GMT+0100 (Central European Standard Time),WBT_PERP,0.000291,57.784,Thu Jan 01 1970 01:00:00 GMT+0100 (Central European Standard Time),,,
Wed Jan 14 2026 09:00:00 GMT+0100 (Central European Standard Time),Wed Jan 14 2026 01:00:00 GMT+0100 (Central European Standard Time),WBT_PERP,0.000119,57.102,Thu Jan 01 1970 01:00:00 GMT+0100 (Central European Standard Time),,,
Wed Jan 14 2026 01:00:00 GMT+0100 (Central European Standard Time),Tue Jan 13 2026 17:00:00 GMT+0100 (Central European Standard Time),WBT_PERP,0.0001,57.14,Thu Jan 01 1970 01:00:00 GMT+0100 (Central European Standard Time),,,
Tue Jan 13 2026 17:00:00 GMT+0100 (Central European Standard Time),Tue Jan 13 2026 09:00:00 GMT+0100 (Central European Standard Time),WBT_PERP,0.0001,56.065,Thu Jan 01 1970 01:00:00 GMT+0100 (Central European Standard Time),,,
Tue Jan 13 2026 09:00:00 GMT+0100 (Central European Standard Time),Tue Jan 13 2026 01:00:00 GMT+0100 (Central European Standard Time),WBT_PERP,0.000181,55.2,Thu Jan 01 1970 01:00:00 GMT+0100 (Central European Standard Time),,,
Tue Jan 13 2026 01:00:00 GMT+0100 (Central European Standard Time),Mon Jan 12 2026 17:00:00 GMT+0100 (Central European Standard Time),WBT_PERP,0.000212,54.805,Thu Jan 01 1970 01:00:00 GMT+0100 (Central European Standard Time),,,
Mon Jan 12 2026 17:00:00 GMT+0100 (Central European Standard Time),Mon Jan 12 2026 09:00:00 GMT+0100 (Central European Standard Time),WBT_PERP,0.00027,55.118,Thu Jan 01 1970 01:00:00 GMT+0100 (Central European Standard Time),,,
Mon Jan 12 2026 09:00:00 GMT+0100 (Central European Standard Time),Mon Jan 12 2026 01:00:00 GMT+0100 (Central European Standard Time),WBT_PERP,0.000205,55.131,Thu Jan 01 1970 01:00:00 GMT+0100 (Central European Standard Time),,,
Mon Jan 12 2026 01:00:00 GMT+0100 (Central European Standard Time),Sun Jan 11 2026 17:00:00 GMT+0100 (Central European Standard Time),WBT_PERP,0.0001,55.168,Thu Jan 01 1970 01:00:00 GMT+0100 (Central European Standard Time),,,
Sun Jan 11 2026 17:00:00 GMT+0100 (Central European Standard Time),Sun Jan 11 2026 09:00:00 GMT+0100 (Central European Standard Time),WBT_PERP,0.0001,55.231,Thu Jan 01 1970 01:00:00 GMT+0100 (Central European Standard Time),,,
Sun Jan 11 2026 09:00:00 GMT+0100 (Central European Standard Time),Sun Jan 11 2026 01:00:00 GMT+0100 (Central European Standard Time),WBT_PERP,0.0001,55.039,Thu Jan 01 1970 01:00:00 GMT+0100 (Central European Standard Time),,,
Sun Jan 11 2026 01:00:00 GMT+0100 (Central European Standard Time),Sat Jan 10 2026 17:00:00 GMT+0100 (Central European Standard Time),WBT_PERP,0.0001,54.891,Thu Jan 01 1970 01:00:00 GMT+0100 (Central European Standard Time),,,
Sat Jan 10 2026 17:00:00 GMT+0100 (Central European Standard Time),Sat Jan 10 2026 09:00:00 GMT+0100 (Central European Standard Time),WBT_PERP,0.0001,54.995,Thu Jan 01 1970 01:00:00 GMT+0100 (Central European Standard Time),,,
Sat Jan 10 2026 09:00:00 GMT+0100 (Central European Standard Time),Sat Jan 10 2026 01:00:00 GMT+0100 (Central European Standard Time),WBT_PERP,0.0001,55.009,Thu Jan 01 1970 01:00:00 GMT+0100 (Central European Standard Time),,,
Sat Jan 10 2026 01:00:00 GMT+0100 (Central European Standard Time),Fri Jan 09 2026 17:00:00 GMT+0100 (Central European Standard Time),WBT_PERP,0.0001,54.986,Thu Jan 01 1970 01:00:00 GMT+0100 (Central European Standard Time),,,
Fri Jan 09 2026 17:00:00 GMT+0100 (Central European Standard Time),Fri Jan 09 2026 09:00:00 GMT+0100 (Central European Standard Time),WBT_PERP,0.0001,55.516,Thu Jan 01 1970 01:00:00 GMT+0100 (Central European Standard Time),,,
Fri Jan 09 2026 09:00:00 GMT+0100 (Central European Standard Time),Fri Jan 09 2026 01:00:00 GMT+0100 (Central European Standard Time),WBT_PERP,0.0001,55.641,Thu Jan 01 1970 01:00:00 GMT+0100 (Central European Standard Time),,,
Fri Jan 09 2026 01:00:00 GMT+0100 (Central European Standard Time),Thu Jan 08 2026 17:00:00 GMT+0100 (Central European Standard Time),WBT_PERP,0.0001,55.851,Thu Jan 01 1970 01:00:00 GMT+0100 (Central European Standard Time),,,
Thu Jan 08 2026 17:00:00 GMT+0100 (Central European Standard Time),Thu Jan 08 2026 09:00:00 GMT+0100 (Central European Standard Time),WBT_PERP,0.0001,55.817,Thu Jan 01 1970 01:00:00 GMT+0100 (Central European Standard Time),,,
Thu Jan 08 2026 09:00:00 GMT+0100 (Central European Standard Time),Thu Jan 08 2026 01:00:00 GMT+0100 (Central European Standard Time),WBT_PERP,0.000379,55.975,Thu Jan 01 1970 01:00:00 GMT+0100 (Central European Standard Time),,,
Thu Jan 08 2026 01:00:00 GMT+0100 (Central European Standard Time),Wed Jan 07 2026 17:00:00 GMT+0100 (Central European Standard Time),WBT_PERP,0.000993,56.575,Thu Jan 01 1970 01:00:00 GMT+0100 (Central European Standard Time),,,
Wed Jan 07 2026 17:00:00 GMT+0100 (Central European Standard Time),Wed Jan 07 2026 09:00:00 GMT+0100 (Central European Standard Time),WBT_PERP,0.00073,56.55,Thu Jan 01 1970 01:00:00 GMT+0100 (Central European Standard Time),,,
Wed Jan 07 2026 09:00:00 GMT+0100 (Central European Standard Time),Wed Jan 07 2026 01:00:00 GMT+0100 (Central European Standard Time),WBT_PERP,0.000611,57.595,Thu Jan 01 1970 01:00:00 GMT+0100 (Central European Standard Time),,,
Wed Jan 07 2026 01:00:00 GMT+0100 (Central European Standard Time),Tue Jan 06 2026 17:00:00 GMT+0100 (Central European Standard Time),WBT_PERP,0.000606,58.195,Thu Jan 01 1970 01:00:00 GMT+0100 (Central European Standard Time),,,
Tue Jan 06 2026 17:00:00 GMT+0100 (Central European Standard Time),Tue Jan 06 2026 09:00:00 GMT+0100 (Central European Standard Time),WBT_PERP,0.00071,58.343,Thu Jan 01 1970 01:00:00 GMT+0100 (Central European Standard Time),,,
Tue Jan 06 2026 09:00:00 GMT+0100 (Central European Standard Time),Tue Jan 06 2026 01:00:00 GMT+0100 (Central European Standard Time),WBT_PERP,0.000729,58.091,Thu Jan 01 1970 01:00:00 GMT+0100 (Central European Standard Time),,,
Tue Jan 06 2026 01:00:00 GMT+0100 (Central European Standard Time),Mon Jan 05 2026 17:00:00 GMT+0100 (Central European Standard Time),WBT_PERP,0.000715,58.427,Thu Jan 01 1970 01:00:00 GMT+0100 (Central European Standard Time),,,
Mon Jan 05 2026 17:00:00 GMT+0100 (Central European Standard Time),Mon Jan 05 2026 09:00:00 GMT+0100 (Central European Standard Time),WBT_PERP,0.000855,58.547,Thu Jan 01 1970 01:00:00 GMT+0100 (Central European Standard Time),,,
Mon Jan 05 2026 09:00:00 GMT+0100 (Central European Standard Time),Mon Jan 05 2026 01:00:00 GMT+0100 (Central European Standard Time),WBT_PERP,0.000754,57.867,Thu Jan 01 1970 01:00:00 GMT+0100 (Central European Standard Time),,,
Mon Jan 05 2026 01:00:00 GMT+0100 (Central European Standard Time),Sun Jan 04 2026 17:00:00 GMT+0100 (Central European Standard Time),WBT_PERP,0.001363,57.751,Thu Jan 01 1970 01:00:00 GMT+0100 (Central European Standard Time),,,
Sun Jan 04 2026 17:00:00 GMT+0100 (Central European Standard Time),Sun Jan 04 2026 09:00:00 GMT+0100 (Central European Standard Time),WBT_PERP,0.001181,57.59,Thu Jan 01 1970 01:00:00 GMT+0100 (Central European Standard Time),,,
Sun Jan 04 2026 09:00:00 GMT+0100 (Central European Standard Time),Sun Jan 04 2026 01:00:00 GMT+0100 (Central European Standard Time),WBT_PERP,0.001091,57.71,Thu Jan 01 1970 01:00:00 GMT+0100 (Central European Standard Time),,,
Sun Jan 04 2026 01:00:00 GMT+0100 (Central European Standard Time),Sat Jan 03 2026 17:00:00 GMT+0100 (Central European Standard Time),WBT_PERP,0.000993,57.49,Thu Jan 01 1970 01:00:00 GMT+0100 (Central European Standard Time),,,
Sat Jan 03 2026 17:00:00 GMT+0100 (Central European Standard Time),Sat Jan 03 2026 09:00:00 GMT+0100 (Central European Standard Time),WBT_PERP,0.001057,57.102,Thu Jan 01 1970 01:00:00 GMT+0100 (Central European Standard Time),,,
Sat Jan 03 2026 09:00:00 GMT+0100 (Central European Standard Time),Sat Jan 03 2026 01:00:00 GMT+0100 (Central European Standard Time),WBT_PERP,0.000819,56.925,Thu Jan 01 1970 01:00:00 GMT+0100 (Central European Standard Time),,,
Sat Jan 03 2026 01:00:00 GMT+0100 (Central European Standard Time),Fri Jan 02 2026 17:00:00 GMT+0100 (Central European Standard Time),WBT_PERP,0.000857,57.292,Thu Jan 01 1970 01:00:00 GMT+0100 (Central European Standard Time),,,
Fri Jan 02 2026 17:00:00 GMT+0100 (Central European Standard Time),Fri Jan 02 2026 09:00:00 GMT+0100 (Central European Standard Time),WBT_PERP,0.000831,57.202,Thu Jan 01 1970 01:00:00 GMT+0100 (Central European Standard Time),,,
Fri Jan 02 2026 09:00:00 GMT+0100 (Central European Standard Time),Fri Jan 02 2026 01:00:00 GMT+0100 (Central European Standard Time),WBT_PERP,0.001041,56.991,Thu Jan 01 1970 01:00:00 GMT+0100 (Central European Standard Time),,,
Fri Jan 02 2026 01:00:00 GMT+0100 (Central European Standard Time),Thu Jan 01 2026 17:00:00 GMT+0100 (Central European Standard Time),WBT_PERP,0.001235,57.009,Thu Jan 01 1970 01:00:00 GMT+0100 (Central European Standard Time),,,
Thu Jan 01 2026 17:00:00 GMT+0100 (Central European Standard Time),Thu Jan 01 2026 09:00:00 GMT+0100 (Central European Standard Time),WBT_PERP,0.001447,56.653,Thu Jan 01 1970 01:00:00 GMT+0100 (Central European Standard Time),,,
Thu Jan 01 2026 09:00:00 GMT+0100 (Central European Standard Time),Thu Jan 01 2026 01:00:00 GMT+0100 (Central European Standard Time),WBT_PERP,0.001395,56.407,Thu Jan 01 1970 01:00:00 GMT+0100 (Central European Standard Time),,,
Thu Jan 01 2026 01:00:00 GMT+0100 (Central European Standard Time),Wed Dec 31 2025 17:00:00 GMT+0100 (Central European Standard Time),WBT_PERP,0.001386,56.392,Thu Jan 01 1970 01:00:00 GMT+0100 (Central European Standard Time),,,
Wed Dec 31 2025 17:00:00 GMT+0100 (Central European Standard Time),Wed Dec 31 2025 09:00:00 GMT+0100 (Central European Standard Time),WBT_PERP,0.000875,56.599,Thu Jan 01 1970 01:00:00 GMT+0100 (Central European Standard Time),,,
Wed Dec 31 2025 09:00:00 GMT+0100 (Central European Standard Time),Wed Dec 31 2025 01:00:00 GMT+0100 (Central European Standard Time),WBT_PERP,0.000754,56.936,Thu Jan 01 1970 01:00:00 GMT+0100 (Central European Standard Time),,,
Wed Dec 31 2025 01:00:00 GMT+0100 (Central European Standard Time),Tue Dec 30 2025 17:00:00 GMT+0100 (Central European Standard Time),WBT_PERP,0.000751,56.926,Thu Jan 01 1970 01:00:00 GMT+0100 (Central European Standard Time),,,
Tue Dec 30 2025 17:00:00 GMT+0100 (Central European Standard Time),Tue Dec 30 2025 09:00:00 GMT+0100 (Central European Standard Time),WBT_PERP,0.000787,57.293,Thu Jan 01 1970 01:00:00 GMT+0100 (Central European Standard Time),,,
Tue Dec 30 2025 09:00:00 GMT+0100 (Central European Standard Time),Tue Dec 30 2025 01:00:00 GMT+0100 (Central European Standard Time),WBT_PERP,0.00059,56.679,Thu Jan 01 1970 01:00:00 GMT+0100 (Central European Standard Time),,,
Tue Dec 30 2025 01:00:00 GMT+0100 (Central European Standard Time),Mon Dec 29 2025 17:00:00 GMT+0100 (Central European Standard Time),WBT_PERP,0.000503,56.519,Thu Jan 01 1970 01:00:00 GMT+0100 (Central European Standard Time),,,
Mon Dec 29 2025 17:00:00 GMT+0100 (Central European Standard Time),Mon Dec 29 2025 09:00:00 GMT+0100 (Central European Standard Time),WBT_PERP,0.001246,56.808,Thu Jan 01 1970 01:00:00 GMT+0100 (Central European Standard Time),,,
Mon Dec 29 2025 09:00:00 GMT+0100 (Central European Standard Time),Mon Dec 29 2025 01:00:00 GMT+0100 (Central European Standard Time),WBT_PERP,0.001226,56.904,Thu Jan 01 1970 01:00:00 GMT+0100 (Central European Standard Time),,,
Mon Dec 29 2025 01:00:00 GMT+0100 (Central European Standard Time),Sun Dec 28 2025 17:00:00 GMT+0100 (Central European Standard Time),WBT_PERP,0.001276,56.236,Thu Jan 01 1970 01:00:00 GMT+0100 (Central European Standard Time),,,
Sun Dec 28 2025 17:00:00 GMT+0100 (Central European Standard Time),Sun Dec 28 2025 09:00:00 GMT+0100 (Central European Standard Time),WBT_PERP,0.000988,56.154,Thu Jan 01 1970 01:00:00 GMT+0100 (Central European Standard Time),,,
Sun Dec 28 2025 09:00:00 GMT+0100 (Central European Standard Time),Sun Dec 28 2025 01:00:00 GMT+0100 (Central European Standard Time),WBT_PERP,0.001153,56.12,Thu Jan 01 1970 01:00:00 GMT+0100 (Central European Standard Time),,,
Sun Dec 28 2025 01:00:00 GMT+0100 (Central European Standard Time),Sat Dec 27 2025 17:00:00 GMT+0100 (Central European Standard Time),WBT_PERP,0.000871,56.258,Thu Jan 01 1970 01:00:00 GMT+0100 (Central European Standard Time),,,
Sat Dec 27 2025 17:00:00 GMT+0100 (Central European Standard Time),Sat Dec 27 2025 09:00:00 GMT+0100 (Central European Standard Time),WBT_PERP,0.000918,56.014,Thu Jan 01 1970 01:00:00 GMT+0100 (Central European Standard Time),,,
Sat Dec 27 2025 09:00:00 GMT+0100 (Central European Standard Time),Sat Dec 27 2025 01:00:00 GMT+0100 (Central European Standard Time),WBT_PERP,0.000905,56.05,Thu Jan 01 1970 01:00:00 GMT+0100 (Central European Standard Time),,,
Sat Dec 27 2025 01:00:00 GMT+0100 (Central European Standard Time),Fri Dec 26 2025 17:00:00 GMT+0100 (Central European Standard Time),WBT_PERP,0.000949,55.977,Thu Jan 01 1970 01:00:00 GMT+0100 (Central European Standard Time),,,
Fri Dec 26 2025 17:00:00 GMT+0100 (Central European Standard Time),Fri Dec 26 2025 09:00:00 GMT+0100 (Central European Standard Time),WBT_PERP,0.000649,55.829,Thu Jan 01 1970 01:00:00 GMT+0100 (Central European Standard Time),,,
Fri Dec 26 2025 09:00:00 GMT+0100 (Central European Standard Time),Fri Dec 26 2025 01:00:00 GMT+0100 (Central European Standard Time),WBT_PERP,0.000661,56.48,Thu Jan 01 1970 01:00:00 GMT+0100 (Central European Standard Time),,,
Fri Dec 26 2025 01:00:00 GMT+0100 (Central European Standard Time),Thu Dec 25 2025 17:00:00 GMT+0100 (Central European Standard Time),WBT_PERP,0.00067,56.07,Thu Jan 01 1970 01:00:00 GMT+0100 (Central European Standard Time),,,
Thu Dec 25 2025 17:00:00 GMT+0100 (Central European Standard Time),Thu Dec 25 2025 09:00:00 GMT+0100 (Central European Standard Time),WBT_PERP,0.000549,56.82,Thu Jan 01 1970 01:00:00 GMT+0100 (Central European Standard Time),,,
Thu Dec 25 2025 09:00:00 GMT+0100 (Central European Standard Time),Thu Dec 25 2025 01:00:00 GMT+0100 (Central European Standard Time),WBT_PERP,0.000635,56.576,Thu Jan 01 1970 01:00:00 GMT+0100 (Central European Standard Time),,,
Thu Dec 25 2025 01:00:00 GMT+0100 (Central European Standard Time),Wed Dec 24 2025 17:00:00 GMT+0100 (Central European Standard Time),WBT_PERP,0.000627,56.523,Thu Jan 01 1970 01:00:00 GMT+0100 (Central European Standard Time),,,
Wed Dec 24 2025 17:00:00 GMT+0100 (Central European Standard Time),Wed Dec 24 2025 09:00:00 GMT+0100 (Central European Standard Time),WBT_PERP,0.0001,56.247,Thu Jan 01 1970 01:00:00 GMT+0100 (Central European Standard Time),,,
Wed Dec 24 2025 09:00:00 GMT+0100 (Central European Standard Time),Wed Dec 24 2025 01:00:00 GMT+0100 (Central European Standard Time),WBT_PERP,0.0001,56.158,Thu Jan 01 1970 01:00:00 GMT+0100 (Central European Standard Time),,,
Wed Dec 24 2025 01:00:00 GMT+0100 (Central European Standard Time),Tue Dec 23 2025 17:00:00 GMT+0100 (Central European Standard Time),WBT_PERP,0.0001,56.496,Thu Jan 01 1970 01:00:00 GMT+0100 (Central European Standard Time),,,
Tue Dec 23 2025 17:00:00 GMT+0100 (Central European Standard Time),Tue Dec 23 2025 09:00:00 GMT+0100 (Central European Standard Time),WBT_PERP,0.0001,56.691,Thu Jan 01 1970 01:00:00 GMT+0100 (Central European Standard Time),,,
Tue Dec 23 2025 09:00:00 GMT+0100 (Central European Standard Time),Tue Dec 23 2025 01:00:00 GMT+0100 (Central European Standard Time),WBT_PERP,0.000138,56.908,Thu Jan 01 1970 01:00:00 GMT+0100 (Central European Standard Time),,,
Tue Dec 23 2025 01:00:00 GMT+0100 (Central European Standard Time),Mon Dec 22 2025 17:00:00 GMT+0100 (Central European Standard Time),WBT_PERP,0.000153,57.592,Thu Jan 01 1970 01:00:00 GMT+0100 (Central European Standard Time),,,
Mon Dec 22 2025 17:00:00 GMT+0100 (Central European Standard Time),Mon Dec 22 2025 09:00:00 GMT+0100 (Central European Standard Time),WBT_PERP,0.000158,58.304,Thu Jan 01 1970 01:00:00 GMT+0100 (Central European Standard Time),,,
Mon Dec 22 2025 09:00:00 GMT+0100 (Central European Standard Time),Mon Dec 22 2025 01:00:00 GMT+0100 (Central European Standard Time),WBT_PERP,0.00029,58.086,Thu Jan 01 1970 01:00:00 GMT+0100 (Central European Standard Time),,,
Mon Dec 22 2025 01:00:00 GMT+0100 (Central European Standard Time),Sun Dec 21 2025 17:00:00 GMT+0100 (Central European Standard Time),WBT_PERP,0.000458,57.73,Thu Jan 01 1970 01:00:00 GMT+0100 (Central European Standard Time),,,
Sun Dec 21 2025 17:00:00 GMT+0100 (Central European Standard Time),Sun Dec 21 2025 09:00:00 GMT+0100 (Central European Standard Time),WBT_PERP,0.000509,57.415,Thu Jan 01 1970 01:00:00 GMT+0100 (Central European Standard Time),,,
Sun Dec 21 2025 09:00:00 GMT+0100 (Central European Standard Time),Sun Dec 21 2025 01:00:00 GMT+0100 (Central European Standard Time),WBT_PERP,0.000644,57.563,Thu Jan 01 1970 01:00:00 GMT+0100 (Central European Standard Time),,,
Sun Dec 21 2025 01:00:00 GMT+0100 (Central European Standard Time),Sat Dec 20 2025 17:00:00 GMT+0100 (Central European Standard Time),WBT_PERP,0.000677,57.64,Thu Jan 01 1970 01:00:00 GMT+0100 (Central European Standard Time),,,
Sat Dec 20 2025 17:00:00 GMT+0100 (Central European Standard Time),Sat Dec 20 2025 09:00:00 GMT+0100 (Central European Standard Time),WBT_PERP,0.000751,57.563,Thu Jan 01 1970 01:00:00 GMT+0100 (Central European Standard Time),,,
Sat Dec 20 2025 09:00:00 GMT+0100 (Central European Standard Time),Sat Dec 20 2025 01:00:00 GMT+0100 (Central European Standard Time),WBT_PERP,0.000811,57.614,Thu Jan 01 1970 01:00:00 GMT+0100 (Central European Standard Time),,,
Sat Dec 20 2025 01:00:00 GMT+0100 (Central European Standard Time),Fri Dec 19 2025 17:00:00 GMT+0100 (Central European Standard Time),WBT_PERP,0.000704,57.565,Thu Jan 01 1970 01:00:00 GMT+0100 (Central European Standard Time),,,
Fri Dec 19 2025 17:00:00 GMT+0100 (Central European Standard Time),Fri Dec 19 2025 09:00:00 GMT+0100 (Central European Standard Time),WBT_PERP,0.000341,57.847,Thu Jan 01 1970 01:00:00 GMT+0100 (Central European Standard Time),,,
Fri Dec 19 2025 09:00:00 GMT+0100 (Central European Standard Time),Fri Dec 19 2025 01:00:00 GMT+0100 (Central European Standard Time),WBT_PERP,0.000782,57.961,Thu Jan 01 1970 01:00:00 GMT+0100 (Central European Standard Time),,,
Fri Dec 19 2025 01:00:00 GMT+0100 (Central European Standard Time),Thu Dec 18 2025 17:00:00 GMT+0100 (Central European Standard Time),WBT_PERP,0.000716,56.816,Thu Jan 01 1970 01:00:00 GMT+0100 (Central European Standard Time),,,
Thu Dec 18 2025 17:00:00 GMT+0100 (Central European Standard Time),Thu Dec 18 2025 09:00:00 GMT+0100 (Central European Standard Time),WBT_PERP,0.000934,58.649,Thu Jan 01 1970 01:00:00 GMT+0100 (Central European Standard Time),,,
Thu Dec 18 2025 09:00:00 GMT+0100 (Central European Standard Time),Thu Dec 18 2025 01:00:00 GMT+0100 (Central European Standard Time),WBT_PERP,0.000802,58.04,Thu Jan 01 1970 01:00:00 GMT+0100 (Central European Standard Time),,,
Thu Dec 18 2025 01:00:00 GMT+0100 (Central European Standard Time),Wed Dec 17 2025 17:00:00 GMT+0100 (Central European Standard Time),WBT_PERP,0.000802,57.884,Thu Jan 01 1970 01:00:00 GMT+0100 (Central European Standard Time),,,
Wed Dec 17 2025 17:00:00 GMT+0100 (Central European Standard Time),Wed Dec 17 2025 09:00:00 GMT+0100 (Central European Standard Time),WBT_PERP,0.001012,59.033,Thu Jan 01 1970 01:00:00 GMT+0100 (Central European Standard Time),,,
Wed Dec 17 2025 09:00:00 GMT+0100 (Central European Standard Time),Wed Dec 17 2025 01:00:00 GMT+0100 (Central European Standard Time),WBT_PERP,0.001706,57.397,Thu Jan 01 1970 01:00:00 GMT+0100 (Central European Standard Time),,,
Wed Dec 17 2025 01:00:00 GMT+0100 (Central European Standard Time),Tue Dec 16 2025 17:00:00 GMT+0100 (Central European Standard Time),WBT_PERP,0.001893,57.932,Thu Jan 01 1970 01:00:00 GMT+0100 (Central European Standard Time),,,
Tue Dec 16 2025 17:00:00 GMT+0100 (Central European Standard Time),Tue Dec 16 2025 09:00:00 GMT+0100 (Central European Standard Time),WBT_PERP,0.001953,58.194,Thu Jan 01 1970 01:00:00 GMT+0100 (Central European Standard Time),,,
Tue Dec 16 2025 09:00:00 GMT+0100 (Central European Standard Time),Tue Dec 16 2025 01:00:00 GMT+0100 (Central European Standard Time),WBT_PERP,0.001079,57.416,Thu Jan 01 1970 01:00:00 GMT+0100 (Central European Standard Time),,,
Tue Dec 16 2025 01:00:00 GMT+0100 (Central European Standard Time),Mon Dec 15 2025 17:00:00 GMT+0100 (Central European Standard Time),WBT_PERP,0.000808,57.844,Thu Jan 01 1970 01:00:00 GMT+0100 (Central European Standard Time),,,
Mon Dec 15 2025 17:00:00 GMT+0100 (Central European Standard Time),Mon Dec 15 2025 09:00:00 GMT+0100 (Central European Standard Time),WBT_PERP,0.000971,58.293,Thu Jan 01 1970 01:00:00 GMT+0100 (Central European Standard Time),,,
Mon Dec 15 2025 09:00:00 GMT+0100 (Central European Standard Time),Mon Dec 15 2025 01:00:00 GMT+0100 (Central European Standard Time),WBT_PERP,0.000923,59.962,Thu Jan 01 1970 01:00:00 GMT+0100 (Central European Standard Time),,,
Mon Dec 15 2025 01:00:00 GMT+0100 (Central European Standard Time),Sun Dec 14 2025 17:00:00 GMT+0100 (Central European Standard Time),WBT_PERP,0.000712,59.274,Thu Jan 01 1970 01:00:00 GMT+0100 (Central European Standard Time),,,
Sun Dec 14 2025 17:00:00 GMT+0100 (Central European Standard Time),Sun Dec 14 2025 09:00:00 GMT+0100 (Central European Standard Time),WBT_PERP,0.000601,59.675,Thu Jan 01 1970 01:00:00 GMT+0100 (Central European Standard Time),,,
Sun Dec 14 2025 09:00:00 GMT+0100 (Central European Standard Time),Sun Dec 14 2025 01:00:00 GMT+0100 (Central European Standard Time),WBT_PERP,0.000663,60.344,Thu Jan 01 1970 01:00:00 GMT+0100 (Central European Standard Time),,,
Sun Dec 14 2025 01:00:00 GMT+0100 (Central European Standard Time),Sat Dec 13 2025 17:00:00 GMT+0100 (Central European Standard Time),WBT_PERP,0.000875,60.332,Thu Jan 01 1970 01:00:00 GMT+0100 (Central European Standard Time),,,
Sat Dec 13 2025 17:00:00 GMT+0100 (Central European Standard Time),Sat Dec 13 2025 09:00:00 GMT+0100 (Central European Standard Time),WBT_PERP,0.000715,60.278,Thu Jan 01 1970 01:00:00 GMT+0100 (Central European Standard Time),,,
Sat Dec 13 2025 09:00:00 GMT+0100 (Central European Standard Time),Sat Dec 13 2025 01:00:00 GMT+0100 (Central European Standard Time),WBT_PERP,0.00063,60.434,Thu Jan 01 1970 01:00:00 GMT+0100 (Central European Standard Time),,,
Sat Dec 13 2025 01:00:00 GMT+0100 (Central European Standard Time),Fri Dec 12 2025 17:00:00 GMT+0100 (Central European Standard Time),WBT_PERP,0.000634,60.382,Thu Jan 01 1970 01:00:00 GMT+0100 (Central European Standard Time),,,
Fri Dec 12 2025 17:00:00 GMT+0100 (Central European Standard Time),Fri Dec 12 2025 09:00:00 GMT+0100 (Central European Standard Time),WBT_PERP,0.000627,60.181,Thu Jan 01 1970 01:00:00 GMT+0100 (Central European Standard Time),,,
Fri Dec 12 2025 09:00:00 GMT+0100 (Central European Standard Time),Fri Dec 12 2025 01:00:00 GMT+0100 (Central European Standard Time),WBT_PERP,0.000525,61.56,Thu Jan 01 1970 01:00:00 GMT+0100 (Central European Standard Time),,,
Fri Dec 12 2025 01:00:00 GMT+0100 (Central European Standard Time),Thu Dec 11 2025 17:00:00 GMT+0100 (Central European Standard Time),WBT_PERP,0.000602,61.724,Thu Jan 01 1970 01:00:00 GMT+0100 (Central European Standard Time),,,
Thu Dec 11 2025 17:00:00 GMT+0100 (Central European Standard Time),Thu Dec 11 2025 09:00:00 GMT+0100 (Central European Standard Time),WBT_PERP,0.00048,60.873,Thu Jan 01 1970 01:00:00 GMT+0100 (Central European Standard Time),,,
Thu Dec 11 2025 09:00:00 GMT+0100 (Central European Standard Time),Thu Dec 11 2025 01:00:00 GMT+0100 (Central European Standard Time),WBT_PERP,0.000522,61.408,Thu Jan 01 1970 01:00:00 GMT+0100 (Central European Standard Time),,,
Thu Dec 11 2025 01:00:00 GMT+0100 (Central European Standard Time),Wed Dec 10 2025 17:00:00 GMT+0100 (Central European Standard Time),WBT_PERP,0.000416,62.902,Thu Jan 01 1970 01:00:00 GMT+0100 (Central European Standard Time),,,
Wed Dec 10 2025 17:00:00 GMT+0100 (Central European Standard Time),Wed Dec 10 2025 09:00:00 GMT+0100 (Central European Standard Time),WBT_PERP,0.000185,62.871,Thu Jan 01 1970 01:00:00 GMT+0100 (Central European Standard Time),,,